,Experiment,machines,lead_time,mttf,a,ch,ce,bsp_n,bsp_cost,probsp_n,probsp_xo,probsp_cost,rl_model,ppo_cost,dqn_cost,ddqn_cost,optuna_cost,optuna_trial,dcl_cost,ProBSP vs BSP,PPO vs BSP,DQN vs BSP,DCL vs BSP,PPO vs ProBSP,DQN vs ProBSP,DCL vs ProBSP
0,1,1,1,10,1.0,1,5,0,0.4748500000000001,0,70.0,0.211265,48271,0.21433,0.213525,0.213525,,,0.2123,0.5550910813941244,0.548636411498368,0.5503316836895864,0.5529114457197011,-0.014507845596762286,-0.01069746526873824,-0.004899060421745109
1,2,1,2,10,1.0,1,5,0,0.475225,0,62.5,0.26234,81296,0.261265,0.261195,0.261195,,,0.2619,0.447966752590878,0.4502288389710137,0.45037613761902257,0.4488926298069335,0.0040977357627506004,0.004364565068232092,0.0016772127773118698
2,3,1,3,10,1.0,1,5,0,0.4762250000000001,0,57.5,0.2941,10694,0.296595,0.294215,0.294215,,,0.2984,0.382434773478923,0.3771956533151348,0.38219329098640364,0.37340542810646243,-0.008483509010540718,-0.00039102346140779245,-0.014620877252635249
3,4,1,4,10,1.0,1,5,0,0.47555,0,56.25,0.31743,82929,0.319245,0.320345,0.320345,,,0.3208,0.33249921143938593,0.32868257806750073,0.3263694669330249,0.32541268005467355,-0.005717796049522764,-0.009183126988627418,-0.01061651387707521
4,5,1,5,10,1.0,1,5,0,0.476325,0,53.75,0.33802,59144,0.340375,0.3390049999999999,0.3390049999999999,,,0.3399,0.29035847373117096,0.2854143704403506,0.28829055791738856,0.2864115887261849,-0.006967043370214769,-0.0029140287556946413,-0.0055618010768593365
5,6,1,1,20,1.0,1,5,0,0.242925,0,85.0,0.109265,91909,0.110645,0.108985,0.108985,,,0.1182,0.550210970464135,0.5445302047957189,0.551363589585263,0.5134300710095708,-0.012629844872557474,0.0025625772205189446,-0.08177366951905915
6,7,1,2,20,1.0,1,5,0,0.24395,0,81.25,0.13262,8080,0.243575,0.133385,0.133385,,,0.1349,0.4563640090182415,0.0015372002459519839,0.45322812051649924,0.44701783152285307,-0.8366385160609262,-0.0057683607299051105,-0.017191977077363932
7,8,1,3,20,1.0,1,5,0,0.245025,0,80.0,0.149135,60283,0.242975,0.15139,0.15139,,,0.1508,0.39134782165085197,0.008366493214978048,0.38214467911437605,0.3845525966738088,-0.6292285513125693,-0.015120528380326598,-0.011164381265296543
8,9,1,4,20,1.0,1,5,0,0.2452,0,78.75,0.164125,59204,0.16368,0.16468,0.16468,,,0.1626,0.33064845024469824,0.33246329526916807,0.3283849918433932,0.3368678629690049,0.0027113480578827174,-0.0033815689261233813,0.009291698400609283
9,10,1,5,20,1.0,1,5,0,0.244075,0,73.75,0.17507,85281,0.174415,0.173315,0.173315,,,0.1732,0.2827204752637508,0.28540407661579437,0.28991088804670695,0.29038205469630235,0.003741360598617791,0.010024561603929893,0.010681441709030733
10,11,1,1,10,5.0,1,5,0,0.47565,0,73.75,0.09798,88710,0.09672,0.09735500000000001,0.09735500000000001,,,0.0974,0.7940081993062126,0.796657205928729,0.7953221906864291,0.7952275833070536,0.012859767299448838,0.006378852827107437,0.005919575423555799
11,12,1,2,10,5.0,1,5,0,0.4758,0,65.0,0.189425,23800,0.19204,0.18985,0.18985,,,0.1941,0.6018810424548129,0.596385035729298,0.6009878100042035,0.5920554854981085,-0.013804935990497444,-0.0022436320443446267,-0.02467995248779192
12,13,1,3,10,5.0,1,5,0,0.4755,0,61.25,0.24188,16544,0.243845,0.240655,0.240655,,,0.2455,0.4913144058885383,0.48718191377497366,0.49389064143007355,0.48370136698212407,-0.00812386307259796,0.0050644947908053736,-0.014966098892012503
13,14,1,4,10,5.0,1,5,0,0.4765499999999999,0,57.5,0.27886,42669,0.2809049999999999,0.28054,0.28054,,,0.2797,0.4148357989717762,0.41054453887315084,0.4113104606022452,0.4130731297870107,-0.007333428960768515,-0.006024528437208688,-0.003012264218604344
14,15,1,5,10,5.0,1,5,0,0.4764,0,52.5,0.304565,53667,0.30489,0.3050499999999999,0.3050499999999999,,,0.305,0.3606947942905122,0.3600125944584383,0.35967674223341756,0.35978169605373633,-0.0010670956938585187,-0.0015924351123730639,-0.0014282665440875305
15,16,1,1,20,5.0,1,5,0,0.2435,0,87.5,0.05001,12153,0.05199000000000002,0.225065,0.05245499999999999,,,0.0566,0.7946201232032855,0.7864887063655029,0.7845790554414785,0.7675564681724847,-0.039592081583683734,-0.04889022195560866,-0.1317736452709458
16,17,1,2,20,5.0,1,5,0,0.243425,0,82.5,0.095915,52671,0.24395,0.099525,0.099525,,,0.0987,0.6059772003697237,-0.0021567217828899975,0.591147170586423,0.5945363048166786,-1.5433978001355366,-0.037637491528957956,-0.029036125736328997
17,18,1,3,20,5.0,1,5,0,0.2439,0,80.0,0.12206,16193,0.2432,0.12614,0.12614,,,0.1262,0.4995489954899549,0.002870028700287028,0.4828208282082821,0.48257482574825744,-0.9924627232508602,-0.033426183844011144,-0.033917745371128995
18,19,1,4,20,5.0,1,5,0,0.2436,0,77.5,0.141905,97331,0.143055,0.143175,0.143175,,,0.1439,0.4174671592775041,0.41274630541871926,0.4122536945812808,0.40927750410509034,-0.008104013248299808,-0.008949649413339863,-0.014058701243789837
19,20,1,5,20,5.0,1,5,0,0.2439,0,77.5,0.15556,49825,0.157205,0.15581,0.15581,,,0.1565,0.36219762197621974,0.35545305453054526,0.36117261172611725,0.3583435834358344,-0.010574697865775312,-0.0016070969400874275,-0.0060426844947286985
40,41,1,1,5,1.0,1,5,1,0.64835,0,35.0,0.405425,14552,0.40876,0.40686,0.40686,,,0.4045,0.37468188478445286,0.36953805814760543,0.37246857407264594,0.3761085833269067,-0.008225935746439003,-0.0035394955910464814,0.002281556391440966
41,42,1,2,5,1.0,1,5,1,0.5889299999999998,0,25.0,0.502795,74737,0.49782,0.50024,0.50024,,,0.4971,0.1462567707537396,0.15470429422851592,0.15059514713123776,0.15592685038968956,0.009894688690221675,0.0050815938901539875,0.011326683837349229
42,43,1,3,5,1.0,1,5,1,0.59654,0,15.0,0.56365,52072,0.56286,0.564555,0.564555,,,0.5642,0.05513460958192238,0.05645891306534337,0.053617527743319696,0.054212626144097505,0.00140157899405652,-0.0016056063159763058,-0.0009757828439635421
43,44,1,4,5,1.0,1,5,1,0.620805,0,5.0,0.6135550000000001,20964,0.61759,0.611565,0.611565,,,0.6106,0.011678385322283128,0.005178759836019489,0.01488390074177886,0.016438334098468954,-0.006576427541133067,0.0032433930128514103,0.004816194147224032
45,46,1,1,5,5.0,1,5,1,0.6365700000000001,0,55.0,0.21397,76147,0.18851,0.183225,0.183225,,,0.1869,0.6638704305889377,0.7038660320153322,0.7121683396955559,0.7063952118384467,0.11898864326774773,0.14368836752815814,0.12651306257886613
50,1,5,1,10,1.0,1,5,2,1.350965,0,70.0,0.859085,64682,0.8392750000000001,0.8130850000000001,0.8048549999999999,,,0.8156,0.36409529484479614,0.3787588871658406,0.40423697135010905,0.3962833974233233,0.023059417869011663,0.06312530192006625,0.05061780848228056
51,2,5,2,10,1.0,1,5,2,1.333875,0,61.25,1.03556,15129,1.068945,1.03925,1.023965,,,1.0152,0.2236453940586636,0.19861681192015737,0.23233811264173923,0.23890919314028664,-0.0322385955425084,0.01119684035690836,0.01966085982463588
52,3,5,3,10,1.0,1,5,2,1.41058,0,53.75,1.153505,70667,1.163605,1.146885,1.130015,,,1.1412,0.18224772788498345,0.17508755263792194,0.19890045229621856,0.19097108990627967,-0.008755922167654235,0.020364020962197832,0.010667487353760937
53,4,5,4,10,1.0,1,5,3,1.458135,1,65.0,1.23763,20902,1.23915,1.22241,1.223615,,,1.2136,0.15122399503475326,0.1501815675503297,0.16083558792567224,0.16770395059442367,-0.0012281538101047693,0.011324062926722939,0.0194161421426436
54,5,5,5,10,1.0,1,5,3,1.45021,1,60.0,1.30128,43188,1.285205,1.28437,1.294325,,,1.2728,0.10269547169030692,0.11378007323077352,0.1074913288420298,0.12233400679901536,0.01235322144350183,0.005344737489241397,0.021886142874708026
55,6,5,1,20,1.0,1,5,1,0.92057,0,85.0,0.4882400000000001,85442,0.53908,0.653295,0.50091,,,0.4985,0.4696329448059353,0.41440629175402194,0.4558697328828878,0.45848767611371216,-0.10412911682778934,-0.025950352285760783,-0.021014255284286167
56,7,5,2,20,1.0,1,5,1,0.9481649999999998,0,81.25,0.592395,36323,0.6802799999999999,0.6840649999999999,0.6307849999999999,,,0.6044,0.3752195029346157,0.28252993940928,0.3347307694335901,0.36255820453191145,-0.1483554047552729,-0.06480473332826901,-0.020265194675849803
57,8,5,3,20,1.0,1,5,1,0.9780949999999999,0,77.5,0.6703700000000001,25779,0.7723949999999999,0.7772650000000001,0.705145,,,0.689,0.31461667833901596,0.21030676979230034,0.279062872215889,0.29556944877542574,-0.1521920730342942,-0.05187433805212029,-0.027790623088741754
58,9,5,4,20,1.0,1,5,1,1.003345,0,75.0,0.7270100000000002,65277,0.787055,0.822385,0.7672850000000001,,,0.7238,0.2754137410362336,0.21556892195605698,0.2352730117756104,0.27861303938326293,-0.08259171125569081,-0.055398137577199684,0.004415345043397142
59,10,5,5,20,1.0,1,5,1,1.02345,0,72.5,0.7715099999999999,1780,0.8248150000000001,0.8461399999999999,0.78843,,,0.7746,0.24616737505496122,0.19408373638184562,0.2296350578924227,0.24314817528946214,-0.06909178105274094,-0.021931018392503075,-0.00400513279153872
60,11,5,1,10,5.0,1,5,2,1.341105,0,73.75,0.440325,30638,0.50621,0.5028050000000001,0.46678,,,0.4533,0.67167000346729,0.6225426047923167,0.6519437329664717,0.6619951457939535,-0.14962811559643452,-0.0600806222676431,-0.029466871061147922
61,12,5,2,10,5.0,1,5,2,1.325065,0,63.75,0.8135500000000002,23481,0.9378400000000001,0.86667,0.826735,,,0.8131,0.38603011927716735,0.29223094716108255,0.3760796640164822,0.38636972525876084,-0.1527748755454488,-0.016206748202322877,0.0005531313379634594
62,13,5,3,10,5.0,1,5,2,1.41607,0,56.25,1.02111,72024,1.053405,1.00688,0.9911350000000001,,,0.9981,0.27891276561186945,0.2561066896410488,0.3000805044948342,0.2951619623323706,-0.03162734671093219,0.02935530941818204,0.022534300907835567
63,14,5,4,10,5.0,1,5,3,1.43856,1,65.0,1.143875,11330,1.13943,1.1213,1.09036,,,1.0919,0.2048472083194306,0.20793710377043717,0.2420476031587143,0.24097708819931038,0.0038859141077478153,0.046783958037372946,0.0454376570866571
64,15,5,5,10,5.0,1,5,3,1.43796,1,61.25,1.21769,63234,1.20696,1.183025,1.18001,,,1.1795,0.15318228601630085,0.1606442460151881,0.17938607471696008,0.17974074383153907,0.008811766541566332,0.03094383628016978,0.031362662089694376
65,16,5,1,20,5.0,1,5,1,0.9191600000000001,0,87.5,0.23875,29265,0.34108,0.5105900000000001,0.32835,,,0.3455,0.7402519691892597,0.6289220592715089,0.6427716610818573,0.6241133208581748,-0.428607329842932,-0.3752879581151832,-0.4471204188481675
66,17,5,2,20,5.0,1,5,1,0.9599850000000002,0,82.5,0.450235,63153,0.5497949999999999,0.6807300000000001,0.51441,,,0.5077,0.5309978801752111,0.42728792637384977,0.46414787731058305,0.4711375698578624,-0.2211289659844302,-0.14253667529179215,-0.1276333470298845
67,18,5,3,20,5.0,1,5,1,0.982935,0,78.75,0.569985,75505,0.66141,0.75312,0.6422400000000001,,,0.5974,0.4201193364769797,0.3271070823604816,0.3466098979077964,0.3922283772579061,-0.16039895786731245,-0.12676649385510178,-0.04809775695851659
68,19,5,4,20,5.0,1,5,1,1.01146,0,77.5,0.65293,94569,0.730325,0.8389,0.6999700000000001,,,0.6675,0.3544677990231942,0.27794969647835804,0.3079607695806062,0.3400628794020525,-0.11853491185885162,-0.07204447643698418,-0.022314796379397442
69,20,5,5,20,5.0,1,5,1,1.02807,0,75.0,0.7133649999999998,90756,0.784395,0.802145,0.73858,,,0.7766,0.30611242425126717,0.23702179812658677,0.28158588422967307,0.24460396665596706,-0.09957034617622139,-0.03534656171805488,-0.08864326116364017
90,41,5,1,5,1.0,1,5,3,1.585775,1,60.0,1.34677,30432,1.21629,1.220455,1.22348,,,1.2086,0.1507181031356907,0.23299963740127058,0.2284655767684571,0.23784900127697817,0.0968836549670693,0.09154495570884422,0.10259361286633956
91,42,5,2,5,1.0,1,5,4,1.757295,1,41.25,1.581545,26249,1.578295,1.56883,1.59669,,,1.5348,0.10001166565659156,0.10186109901866224,0.0913933061893422,0.12661220796735898,0.0020549525938243773,-0.00957607908722165,0.02955654123025272
92,43,5,3,5,1.0,1,5,4,1.83472,2,47.5,1.737665,69931,1.729925,1.71771,1.70712,,,1.7107,0.05289907996860551,0.057117707334089114,0.0695473968779977,0.06759614546088766,0.0044542532651576,0.01757818681966895,0.015517950813304007
93,44,5,4,5,1.0,1,5,5,1.910025,3,50.0,1.856435,55678,1.899515,1.89758,1.8912,,,1.868,0.028057224381879832,0.005502545778196631,0.00985589193858724,0.022002329812436997,-0.02320576804466626,-0.018726753158607726,-0.006229682159623174
94,45,5,5,5,1.0,1,5,5,2.058605,3,40.0,1.935985,83691,2.06779,2.16675,2.06191,,,2.0522,0.059564608071971045,-0.0044617592981655045,-0.0016054561219855743,0.0031113302454817676,-0.06808162253323241,-0.06504440891845756,-0.060028874190657444
95,46,5,1,5,5.0,1,5,3,1.563835,0,50.0,0.766775,3263,0.8280100000000001,0.7289800000000001,0.723155,,,0.7289,0.5096829269072505,0.47052598260046613,0.5375758951551795,0.5339022339313291,-0.07986045450099462,0.05688761370675882,0.04939519415734732
96,47,5,2,5,5.0,1,5,4,1.665595,1,46.25,1.301175,52602,1.32499,1.31193,1.287225,,,1.2856,0.21879268369561627,0.20449448995704242,0.22716806906841092,0.22814369639678306,-0.018302687955117428,0.010721079024727579,0.01196995023728545
97,48,5,3,5,5.0,1,5,4,1.74157,2,50.0,1.544195,69546,1.56591,1.545565,1.556215,,,1.545,0.11333164902932416,0.1008630144065413,0.1064298305551888,0.11286942241770363,-0.014062343162618665,-0.007783991011497848,-0.0005213072183240748
98,49,5,4,5,5.0,1,5,5,1.79878,2,35.0,1.67982,87355,1.77495,1.803685,1.78301,,,1.7527,0.0661337128498204,0.01324786799942184,0.008767053224963621,0.025617362879284917,-0.056631067614387215,-0.06142920074769909,-0.04338560083818494
99,50,5,5,5,5.0,1,5,5,1.97578,3,40.0,1.77956,56212,1.98471,2.021745,1.98168,,,1.9778,0.09931267651256721,-0.004519733978479326,-0.0029861624269908672,-0.0010223810343256388,-0.11528130549124499,-0.11357863741599052,-0.11139832318101102
100,1,10,1,10,1.0,1,5,3,1.862625,1,81.25,1.40195,60628,1.409405,1.27464,1.33503,1.309575,19.0,1.2266,0.24732568284007783,0.24332326689483924,0.28325347292128045,0.3414670156365345,-0.005317593352116687,0.0477335140340241,0.125075787296266
101,2,10,2,10,1.0,1,5,4,1.99388,1,72.5,1.61613,88463,1.688785,1.624215,1.59493,0.0,0.0,1.5639,0.18945473147832367,0.15301572812807196,0.2000872670371337,0.21564988865929746,-0.044956160704893736,0.01311775661611387,0.03231794471979358
102,3,10,3,10,1.0,1,5,5,2.11621,1,63.75,1.79139,61204,1.841355,1.770175,1.756705,0.0,0.0,1.7348,0.15349138318030822,0.129880777427571,0.1698815334962032,0.18023258561295913,-0.027891748865406213,0.01936205962967309,0.03158999436192015
103,4,10,4,10,1.0,1,5,5,2.16015,2,65.0,1.904465,90075,1.92557,1.86758,1.972255,0.0,0.0,1.8577,0.11836446543064127,0.1085943105802837,0.08698238548248952,0.14001342499363467,-0.011081852383740279,-0.03559529841714078,0.024555452581171176
104,5,10,5,10,1.0,1,5,6,2.21068,2,58.75,2.00322,98979,1.98054,1.960625,1.958035,0.0,0.0,1.9433,0.09384442795881819,0.10410371469412127,0.11428384026634339,0.12094921019776718,0.011321771947164971,0.02255618454288586,0.02991184193448536
105,6,10,1,20,1.0,1,5,2,1.443875,0,85.0,0.860225,70620,0.976655,0.99942,0.9500350000000001,0.97036,68.0,0.8158,0.40422474244654144,0.3235875681759155,0.3420240671803307,0.434992641329755,-0.13534831003516526,-0.10440291784126253,0.05164346537243169
106,7,10,2,20,1.0,1,5,2,1.46442,0,81.25,1.03302,18086,1.27061,1.176375,1.116935,1.14735,14.0,1.0223,0.2945876183062236,0.13234591169200094,0.23728506849127984,0.3019079225905137,-0.22999554703684338,-0.08123269636599481,0.010377340225745931
107,8,10,3,20,1.0,1,5,2,1.56228,0,77.5,1.161965,92192,1.34115,1.278075,1.21727,0.0,0.0,1.1435,0.25623767826509974,0.1415431292726015,0.2208374939191437,0.26805694241749234,-0.15420860352936636,-0.04759609798918226,0.01589118432999269
108,9,10,4,20,1.0,1,5,3,1.6113,0,72.5,1.2545,22013,1.390315,1.32585,1.30029,0.0,0.0,1.2141,0.2214361074908459,0.13714702414199714,0.19301805995159188,0.24650902997579593,-0.10826225587883621,-0.036500597847748104,0.03220406536468712
109,10,10,5,20,1.0,1,5,3,1.615965,1,80.0,1.327515,65883,1.409495,1.373175,1.35237,0.0,0.0,1.2795,0.17850015315925782,0.12776885637993407,0.16311925072634617,0.20821304916876293,-0.06175448111697415,-0.018722952283025104,0.03616908283522214
110,11,10,1,10,5.0,1,5,3,1.859185,0,75.0,0.789,35918,1.242355,0.9732700000000001,0.8567199999999999,0.958365,87.0,0.78,0.575620500380543,0.3317744065275914,0.5391959380050937,0.5804613311746813,-0.5745944233206591,-0.08583016476552584,0.011406844106463887
111,12,10,2,10,5.0,1,5,4,1.997475,1,73.75,1.34497,26942,1.535165,1.44683,1.39928,0.0,0.0,1.3285,0.32666491445449874,0.23144720209264197,0.29947558792976126,0.33491032428440903,-0.14141207610578665,-0.040380082827126317,0.012245626296497308
112,13,10,3,10,5.0,1,5,5,2.107705,1,66.25,1.600825,10770,1.68727,1.64571,1.622885,0.0,0.0,1.5484,0.24048906274834486,0.19947525863439147,0.230022702418033,0.2653620881480094,-0.054000281105055274,-0.01378039448409412,0.03274873893148842
113,14,10,4,10,5.0,1,5,5,2.15364,2,67.5,1.77466,67058,1.783545,1.759335,1.73682,0.0,0.0,1.686,0.17597184301926055,0.17184626957151625,0.19354209617206225,0.2171393547668135,-0.005006592812144316,0.02132239414873828,0.0499588653601253
114,15,10,5,10,5.0,1,5,6,2.184785000000001,3,68.75,1.90118,99425,1.863335,1.843815,1.842225,0.0,0.0,1.7844,0.129809111651719,0.14713118224447758,0.15679346022606386,0.1832605954361646,0.01990605834271354,0.031009688719637322,0.06142500973079882
115,16,10,1,20,5.0,1,5,2,1.45046,0,87.5,0.4486499999999999,43057,1.13613,0.906045,0.7210949999999999,0.852445,63.0,0.5166,0.6906843346248778,0.2167105607876122,0.5028508197399446,0.6438371275319554,-1.532330324306253,-0.6072550986292212,-0.151454363089268
116,17,10,2,20,5.0,1,5,2,1.47607,0,82.5,0.821775,44867,1.26961,1.072885,1.027465,1.041245,72.0,0.8716,0.44326827318487605,0.139871415312282,0.3039185133496378,0.40951309897227095,-0.5449606035715371,-0.250299656231937,-0.06063095129445409
117,18,10,3,20,5.0,1,5,2,1.566395,0,78.75,1.021305,60199,1.313435,1.25736,1.135655,1.14028,36.0,1.1715,0.34799013020342895,0.16149183315830304,0.27498810964028864,0.2521043542656865,-0.2860360029570011,-0.11196459431805404,-0.14706184734237088
118,19,10,4,20,5.0,1,5,3,1.61628,0,75.0,1.15871,34552,1.370045,1.255065,1.22931,0.0,0.0,1.1721,0.28310070037369767,0.15234674685079316,0.23942014997401442,0.274816244710075,-0.18238817305451757,-0.060929827135348794,-0.011555954466605116
119,20,10,5,20,5.0,1,5,3,1.63139,0,71.25,1.252025,27898,1.396015,1.33792,1.296595,1.382375,5.0,1.2104,0.23254096200172858,0.14427880519066558,0.20522070136509354,0.25805601358350855,-0.11500569078093494,-0.0355983307042591,0.03324614125117312
140,41,10,1,5,1.0,1,5,5,2.28247,2,63.75,2.00171,68789,1.791815,1.86897,1.776895,0.0,0.0,1.7541,0.12300709319290062,0.2149666808326068,0.22150345897207854,0.23149044675285985,0.10485784654120735,0.11231147368999515,0.12369923715223488
141,42,10,2,5,1.0,1,5,7,2.489065000000001,3,56.25,2.32235,13315,2.30172,2.286765,2.32993,0.0,0.0,2.2464,0.06697896599727238,0.0752672188150976,0.06393364576658338,0.09749243189711837,0.008883243266518891,-0.0032639352380131846,0.03270394212758636
142,43,10,3,5,1.0,1,5,8,2.68633,4,50.0,2.556445000000001,13321,2.56574,2.51644,2.533355,0.0,0.0,2.4845,0.048350351594926504,0.04489024058846083,0.05694572148619123,0.07513224361861713,-0.0036359084588164186,0.009032073836910693,0.028142596457189882
143,44,10,4,5,1.0,1,5,10,2.81054,5,41.25,2.723615,14601,2.79769,2.776885,2.75003,0.0,0.0,2.7297,0.030928220199676903,0.004572075117237346,0.021529670454787993,0.028763155834821866,-0.02719730945820157,-0.009698507314726962,-0.002234163051679358
144,45,10,5,5,1.0,1,5,10,3.1291,6,33.75,2.849165,82797,3.163755,3.272265,3.226745,0.0,0.0,3.138,0.08946182608417756,-0.01107506950880441,-0.031205458438528642,-0.0028442683199641065,-0.1104148057413312,-0.13252303745132346,-0.10137531522393393
145,46,10,1,5,5.0,1,5,5,2.26419,0,50.0,1.27305,78775,1.27498,1.21698,1.215105,0.0,0.0,1.1352,0.43774594888238183,0.436893546919649,0.46333788242152824,0.49862864865581075,-0.0015160441459486959,0.04551667255802986,0.10828325674561096
146,47,10,2,5,5.0,1,5,7,2.376914999999999,2,50.0,1.94808,89757,1.983265,1.99122,1.99838,0.0,0.0,1.8926,0.18041663248370227,0.1656138313738603,0.15925474827665234,0.20375781212201494,-0.01806137324955855,-0.025820294854420767,0.028479323231078792
147,48,10,3,5,5.0,1,5,8,2.56772,3,43.75,2.279995,1679,2.31557,2.33292,2.300005,0.0,0.0,2.2362,0.1120546632810431,0.09819995949714139,0.10426175751250133,0.12911065069400082,-0.01560310439277285,-0.008776335035822484,0.019208375456963637
148,49,10,4,5,5.0,1,5,10,2.667995,5,46.25,2.489069999999999,36861,2.63258,2.637645,2.64823,0.0,0.0,2.5635,0.06706346900949998,0.01327401288233298,0.007408184797947535,0.03916611537877695,-0.057656072348307184,-0.06394356124978443,-0.02990273475635515
149,50,10,5,5,5.0,1,5,10,3.05131,6,38.75,2.648655,86243,3.04183,3.117515,3.162075,0.0,0.0,3.0283,0.13196135430356135,0.0031068622984881684,-0.036300801950637666,0.007541023363735495,-0.1484432664880854,-0.19384178007328245,-0.14333501343134533
150,51,10,1,5,1.0,1,5,5,2.27274,2,65.0,1.99779,32442,1.80973,1.803770000000001,1.796335,0.0,0.0,1.7541,0.12097732252699395,0.20372325914974881,0.20961702614465366,0.22820032207819643,0.09413401808998939,0.10083892701435083,0.12197978766537022
161,1,30,1,10,1.0,1,5,8,3.321435,2,80.0,2.558895000000001,70790,3.3,2.41056,2.50065,2.67137,59.0,2.2265,0.22958149113259754,0.00645353589638223,0.24711758622402674,0.32965721141614995,-0.2896191520167879,0.022761778033096782,0.12989786607109738
162,2,30,2,10,1.0,1,5,10,3.574530000000001,4,77.5,2.967575,33602,3.438070000000001,3.0593,3.039085,3.09212,40.0,2.8496,0.16979994572713078,0.03817564826704489,0.1497945184401868,0.20280428475911538,-0.1585452768674763,-0.0240971163323589,0.03975468185302813
163,3,30,3,10,1.0,1,5,13,3.73916,6,75.0,3.285115,95782,3.609845,3.32993,3.25882,3.385724999999999,18.0,3.241,0.12142967939323276,0.034583970731394235,0.12846200750970807,0.13322778378031427,-0.09884889874479286,0.008004285999120194,0.013428753635717374
164,4,30,4,10,1.0,1,5,15,3.905945,7,70.0,3.49965,68896,3.764694999999999,3.571135,3.435820000000001,3.568205,14.0,4.5678,0.10401964185363595,0.036162823593266474,0.12036139781794138,-0.16944811050846853,-0.07573471632877542,0.018238966753817937,-0.30521623590930524
165,5,30,5,10,1.0,1,5,18,3.97273,10,70.0,3.68203,51228,3.896579999999999,3.59212,3.581075,3.62299,7.0,3.6116,0.0731738628097051,0.019168179060746905,0.09858585909437594,0.0909022259252453,-0.058269487212216815,0.027418299144765346,0.019128035350065044
166,6,30,1,20,1.0,1,5,4,2.55429,1,90.0,1.79246,93236,2.53602,2.149975,2.037315,0.0,0.0,1.9198,0.2982550924131559,0.007152672562629845,0.2023947946396063,0.24840170849825197,-0.41482655122011103,-0.1366027693783962,-0.0710420316213472
167,7,30,2,20,1.0,1,5,6,2.738995,1,85.0,2.067685,80653,2.952285,2.428805,2.32731,0.0,0.0,2.1318,0.24509354708570116,-0.07787162809716694,0.15030513016635658,0.22168532618715986,-0.42782145249397263,-0.1255631297804067,-0.0310081081015726
168,8,30,3,20,1.0,1,5,7,2.855235,2,83.75,2.29525,86632,2.85827,2.593575,2.500755,0.0,0.0,2.6636,0.19612571294481898,-0.00106295979140075,0.12415090176465339,0.06711706742177082,-0.24529789783248027,-0.08953490905130163,-0.160483607450169
169,9,30,4,20,1.0,1,5,8,2.952465,3,82.5,2.45391,89178,2.934175,2.693005,2.610325,0.0,0.0,2.6578,0.16886059614593232,0.006194823647359043,0.11588283010975578,0.09980304592941835,-0.19571418674686528,-0.06374113150034026,-0.08308780680628054
170,10,30,5,20,1.0,1,5,9,3.035825,3,78.75,2.585445,14232,3.02423,2.778705,2.683255,0.0,0.0,3.0424,0.14835505999192972,0.0038193901163603963,0.11613647031696493,-0.0021658033648185317,-0.1697135309395482,-0.037831011682708374,-0.17674133466385872
171,11,30,1,10,5.0,1,5,8,3.33352,0,76.25,1.685755,29204,2.8338,1.906685,2.08431,2.514235,2.0,1.7002,0.49430181909813053,0.14990760517411023,0.374742014447191,0.48996856176054143,-0.6810271955295997,-0.2364252219331991,-0.008568860836835746
172,12,30,2,10,5.0,1,5,10,3.57581,2,72.5,2.51061,19023,3.236695,2.7679,2.78836,0.0,0.0,5.5822,0.297890547875866,0.09483585537262887,0.2202158392084591,-0.5611008414876629,-0.2892066071592164,-0.1106304842249494,-1.2234437049163354
173,13,30,3,10,5.0,1,5,13,3.719609999999999,4,70.0,2.96262,51694,3.49715,3.088685000000001,3.02984,0.0,0.0,4.6514,0.2035132715526626,0.05980734539373726,0.18544148445670355,-0.25050744567306815,-0.18042475916587353,-0.022689376295306277,-0.5700292308834748
174,14,30,4,10,5.0,1,5,16,3.87281,7,70.0,3.27931,66321,3.639735,3.22384,3.532325,0.0,0.0,3.4188,0.1532479001035423,0.0601823998595335,0.08791678393724446,0.117230124896393,-0.10990879178851641,-0.07715495027917457,-0.04253638722780093
175,15,30,5,10,5.0,1,5,18,3.958645,9,68.75,3.494535,90102,3.747549999999999,3.42276,3.408795,0.0,0.0,4.2088,0.11723961102852118,0.05332506451071039,0.1388985372520143,-0.06319207708698302,-0.07240305219435464,0.024535453214805384,-0.20439486226350578
176,16,30,1,20,5.0,1,5,4,2.58134,0,87.5,1.088745,6120,2.667084999999999,1.98134,1.88517,0.0,0.0,1.5399,0.5782248754522844,-0.03321724375711795,0.26969326008972083,0.4034493712567891,-1.449687484213474,-0.7315073777606326,-0.4143807778680958
177,17,30,2,20,5.0,1,5,6,2.76582,1,86.25,1.74949,52605,2.70206,2.28934,2.271795,0.0,0.0,2.4654,0.3674606445828001,0.023052837856404343,0.17861791439790012,0.10861878213332767,-0.5444843925944132,-0.2985470051272085,-0.40921068425655466
178,18,30,3,20,5.0,1,5,7,2.87136,1,81.25,2.091629999999999,38281,2.834935,2.519595,2.440275,0.0,0.0,4.4765,0.2715542460715484,0.012685626323414663,0.15013268973587426,-0.5590173297670789,-0.35537116985317746,-0.16668579050788207,-1.1401968799453066
179,19,30,4,20,5.0,1,5,8,2.965805,2,80.0,2.303495,53482,2.920155,2.59137,2.564525000000001,0.0,0.0,3.5205,0.22331542363709014,0.01539211107945404,0.13530221980204327,-0.1870301655031265,-0.2677062463777868,-0.11331910857197486,-0.5283297771429938
180,20,30,5,20,5.0,1,5,9,3.060475,3,80.0,2.48451,61972,3.058129999999999,2.671685000000001,2.635645,0.0,0.0,3.205,0.1881946429884249,0.0007662209297579394,0.13881178575221167,-0.04722306177962579,-0.23087852333055559,-0.06083090830787542,-0.2899927953600508
201,41,30,1,5,1.0,1,5,13,4.065129999999999,5,66.25,3.542555,59187,3.601275,3.31543,3.273965,0.0,0.0,3.054,0.1285506244572742,0.11410582195403329,0.1946223122015776,0.2487325128593672,-0.01657560715359385,0.07581815949223092,0.13791035001573732
202,42,30,2,5,1.0,1,5,19,4.400930000000001,10,65.0,4.12451,10954,4.496869999999999,4.295385,4.089440000000001,0.0,0.0,3.9751,0.0628094516386311,-0.02179993774043166,0.07077822187583079,0.09675909410056528,-0.09027981505681855,0.008502828214745331,0.036224909140722183
203,43,30,3,5,1.0,1,5,24,4.73409,15,63.75,4.56089,84820,4.916525,4.553190000000001,4.625484999999999,0.0,0.0,,0.03658570073657249,-0.0385364452302343,0.022941050972837593,,-0.07797491279114392,-0.014162805943576745,
204,44,30,4,5,1.0,1,5,29,5.014645,19,61.25,4.854725,20122,5.0783,4.91045,4.878935,0.0,0.0,4.7439,0.031890592454700106,-0.012693819801800486,0.027062733254298074,0.05399086076880812,-0.04605307200716815,-0.004986894211309613,0.022828275545988735
205,45,30,5,5,1.0,1,5,0,27.26055,0,97.5,27.2365,76092,6.589865000000001,6.334765,6.446985000000001,0.0,0.0,6.1192,0.0008822272477994398,0.758263681400412,0.7635049549623907,0.7755291070796444,0.7580502267178234,0.7632961283571678,0.775330897876012
206,46,30,1,5,5.0,1,5,14,4.041325000000001,1,57.5,2.401675,18937,2.724555,2.34258,2.33304,0.0,0.0,2.1074,0.4057208959932697,0.3258263069661561,0.4227041873642928,0.4785373608903022,-0.1344395057616039,0.02857797162397077,0.12252906825444736
207,47,30,2,5,5.0,1,5,19,4.216685,18,97.5,4.200475,95984,3.939925,3.68582,3.64478,0.0,0.0,3.5836,0.003844252060564177,0.06563449724131631,0.1356290545772331,0.15013808240359428,0.06202869913521681,0.13229337158297574,0.1468583910153018
208,48,30,3,5,5.0,1,5,24,4.54106,11,52.5,4.083115000000001,97231,4.328494999999999,4.120785000000001,4.108845,0.0,0.0,3.8869,0.1008453973301385,0.04680955547823648,0.09517931936596306,0.14405447186339757,-0.060096274535495105,-0.0063015614304271295,0.0480552225445527
210,50,30,5,5,5.0,1,5,30,5.962585,21,53.75,4.745545000000001,68505,6.4216,6.3809,6.429875,0.0,0.0,5.9738,0.2041128134860969,-0.07698255035357986,-0.07837037123999074,-0.0018808956182595259,-0.3531849345017271,-0.3549286752101179,-0.2588227484935869
211,51,30,1,5,1.0,1,5,13,4.06149,5,66.25,3.53522,79064,3.26612,3.254435,3.185835,0.0,0.0,3.054,0.12957559910279237,0.19583207148115597,0.21559944749340762,0.24805920979738968,0.07611973229388833,0.09882977579896014,0.13612165579511318
222,62,30,1,5,1.0,1,5,13,4.066105,6,70.0,3.55546,73464,3.566415,3.24728,3.30826,0.0,0.0,3.054,0.12558578787316121,0.12289156330198069,0.18638106984448263,0.2489126571989657,-0.0030811765566199725,0.06952686853459182,0.14103941543428986
223,63,30,1,5,5.0,1,5,13,4.035665,1,57.5,2.39678,59839,2.729945,2.425015,2.373365000000001,0.0,0.0,2.1074,0.40610035768578406,0.323545190197898,0.4119023754449388,0.47780601214421903,-0.13900524870868403,0.009769357220937705,0.12073698879329765
225,65,30,2,5,1.0,1,5,19,4.394385000000001,11,68.75,4.1407,27415,4.513764999999999,4.1395,0.0,0.0,0.0,3.9751,0.0577293523439573,-0.02716648632288675,1.0,0.09541380648259101,-0.09009708503393135,1.0,0.03999323785833313
226,66,30,2,5,5.0,1,5,19,4.22296,5,50.0,3.49052,18097,3.917065,3.681495,0.0,0.0,0.0,3.5836,0.17344232481482175,0.0724361585238789,1.0,0.15140091310360496,-0.12220099011035604,1.0,-0.026666513871858647
